start_range,end_range,slope,intercept
1,3.2830618644142282,0.75120256806871943,-0.75120256806871943
3.2830618644142282,10.778495205571103,0.22881157867025081,0.96383936753901045
10.778495205571103,35.386466565182197,0.069694568095223758,2.678881303146746
35.386466565182197,116.17595889651986,0.021228527202200136,4.3939232387544793
116.17595889651986,381.41286021492351,0.0064660759007620916,6.108965174362222
381.41286021492351,1252.202015968775,0.0019695260606719463,7.8240071099699602
1252.202015968775,4111.0566851697258,0.00059990525369626091,9.5390490455776948
4111.0566851697258,13496.853425526013,0.0001827273680702607,11.254090981185433
13496.853425526013,44311.004770933156,5.5657607324089489e-05,12.969132916793166
44311.004770933156,145475.76993733016,1.6952957215754231e-05,14.684174852400908
145475.76993733016,477605.95247755246,5.1637641676845946e-06,16.399216788008658
477605.95247755246,1568009.8887963006,1.5728500957157193e-06,18.114258723616398
1568009.8887963006,5147873.4689315595,4.7908024906997617e-07,19.829300659224138
5147873.4689315595,16000000,1.5075602019012845e-07,21.51947224628212
