start_range,end_range,slope,intercept,exp_span
2**0,2**1,1/1,-1/1,1
2**1,2**2,1/2,0/1,1
2**2,2**3,1/4,1/1,1
2**3,2**4,1/8,2/1,1
2**4,2**5,1/16,3/1,1
2**5,2**6,1/32,4/1,1
2**6,2**7,1/64,5/1,1
2**7,2**8,1/128,6/1,1
2**8,2**9,1/256,7/1,1
2**9,2**10,1/512,8/1,1
2**10,2**11,1/1024,9/1,1
2**11,2**12,1/2048,10/1,1
2**12,2**13,1/4096,11/1,1
2**13,2**14,1/8192,12/1,1
2**14,2**15,1/16384,13/1,1
2**15,2**16,1/32768,14/1,1
2**16,2**17,1/65536,15/1,1
2**17,2**18,1/131072,16/1,1
2**18,2**19,1/262144,17/1,1
2**19,2**20,1/524288,18/1,1
2**20,2**21,1/1048576,19/1,1
2**21,2**22,1/2097152,20/1,1
2**22,2**23,1/4194304,21/1,1
2**23,2**24,1/8388608,22/1,1
2**24,2**25,1/16777216,23/1,1
2**25,2**26,1/33554432,24/1,1
2**26,2**27,1/67108864,25/1,1
2**27,2**28,1/134217728,26/1,1
2**28,2**29,1/268435456,27/1,1
2**29,2**30,1/536870912,28/1,1
2**30,2**31,1/1073741824,29/1,1
2**31,2**32,1/2147483648,30/1,1
2**32,2**33,1/4294967296,31/1,1
2**33,2**34,1/8589934592,32/1,1
2**34,2**35,1/17179869184,33/1,1
2**35,2**36,1/34359738368,34/1,1
2**36,2**37,1/68719476736,35/1,1
2**37,2**38,1/137438953472,36/1,1
2**38,2**39,1/274877906944,37/1,1
2**39,2**40,1/549755813888,38/1,1
2**40,2**41,1/1099511627776,39/1,1
2**41,2**42,1/2199023255552,40/1,1
2**42,2**43,1/4398046511104,41/1,1
2**43,2**44,1/8796093022208,42/1,1
2**44,2**45,1/17592186044416,43/1,1
2**45,2**46,1/35184372088832,44/1,1
2**46,2**47,1/70368744177664,45/1,1
2**47,2**48,1/140737488355328,46/1,1
2**48,2**49,1/281474976710656,47/1,1
2**49,2**50,1/562949953421312,48/1,1
2**50,2**51,1/1125899906842624,49/1,1
2**51,2**52,1/2251799813685248,50/1,1
2**52,2**53,1/4503599627370496,51/1,1
2**53,2**54,1/9007199254740992,52/1,1
2**54,2**55,1/18014398509481984,53/1,1
2**55,2**56,1/36028797018963968,54/1,1
2**56,2**57,1/72057594037927936,55/1,1
2**57,2**58,1/144115188075855872,56/1,1
2**58,2**59,1/288230376151711744,57/1,1
2**59,2**60,1/576460752303423488,58/1,1
2**60,2**61,1/1152921504606846976,59/1,1
2**61,2**62,1/2305843009213693952,60/1,1
2**62,2**63,1/4611686018427387904,61/1,1
2**63,2**64,1/9223372036854775808,62/1,1
2**64,2**65,1/18446744073709551616,63/1,1
2**65,2**66,1/36893488147419103232,64/1,1
2**66,2**67,1/73786976294838206464,65/1,1
2**67,2**68,1/147573952589676412928,66/1,1
2**68,2**69,1/295147905179352825856,67/1,1
2**69,2**70,1/590295810358705651712,68/1,1
2**70,2**71,1/1180591620717411303424,69/1,1
2**71,2**72,1/2361183241434822606848,70/1,1
2**72,2**73,1/4722366482869645213696,71/1,1
2**73,2**74,1/9444732965739290427392,72/1,1
2**74,2**75,1/18889465931478580854784,73/1,1
2**75,2**76,1/37778931862957161709568,74/1,1
2**76,2**77,1/75557863725914323419136,75/1,1
2**77,2**78,1/151115727451828646838272,76/1,1
2**78,2**79,1/302231454903657293676544,77/1,1
2**79,2**80,1/604462909807314587353088,78/1,1
2**80,2**81,1/1208925819614629174706176,79/1,1
2**81,2**82,1/2417851639229258349412352,80/1,1
2**82,2**83,1/4835703278458516698824704,81/1,1
2**83,2**84,1/9671406556917033397649408,82/1,1
2**84,2**85,1/19342813113834066795298816,83/1,1
2**85,2**86,1/38685626227668133590597632,84/1,1
2**86,2**87,1/77371252455336267181195264,85/1,1
2**87,2**88,1/154742504910672534362390528,86/1,1
2**88,2**89,1/309485009821345068724781056,87/1,1
2**89,2**90,1/618970019642690137449562112,88/1,1
2**90,2**91,1/1237940039285380274899124224,89/1,1
2**91,2**92,1/2475880078570760549798248448,90/1,1
2**92,2**93,1/4951760157141521099596496896,91/1,1
2**93,2**94,1/9903520314283042199192993792,92/1,1
2**94,2**95,1/19807040628566084398385987584,93/1,1
2**95,2**96,1/39614081257132168796771975168,94/1,1
2**96,2**97,1/79228162514264337593543950336,95/1,1
2**97,2**98,1/158456325028528675187087900672,96/1,1
2**98,2**99,1/316912650057057350374175801344,97/1,1
2**99,2**100,1/633825300114114700748351602688,98/1,1
2**100,2**101,1/1267650600228229401496703205376,99/1,1
2**101,2**102,1/2535301200456458802993406410752,100/1,1
2**102,2**103,1/5070602400912917605986812821504,101/1,1
2**103,2**104,1/10141204801825835211973625643008,102/1,1
2**104,2**105,1/20282409603651670423947251286016,103/1,1
2**105,2**106,1/40564819207303340847894502572032,104/1,1
2**106,2**107,1/81129638414606681695789005144064,105/1,1
2**107,2**108,1/162259276829213363391578010288128,106/1,1
2**108,2**109,1/324518553658426726783156020576256,107/1,1
2**109,2**110,1/649037107316853453566312041152512,108/1,1
2**110,2**111,1/1298074214633706907132624082305024,109/1,1
2**111,2**112,1/2596148429267413814265248164610048,110/1,1
2**112,2**113,1/5192296858534827628530496329220096,111/1,1
2**113,2**114,1/10384593717069655257060992658440192,112/1,1
2**114,2**115,1/20769187434139310514121985316880384,113/1,1
2**115,2**116,1/41538374868278621028243970633760768,114/1,1
2**116,2**117,1/83076749736557242056487941267521536,115/1,1
2**117,2**118,1/166153499473114484112975882535043072,116/1,1
2**118,2**119,1/332306998946228968225951765070086144,117/1,1
2**119,2**120,1/664613997892457936451903530140172288,118/1,1
2**120,2**121,1/1329227995784915872903807060280344576,119/1,1
2**121,2**122,1/2658455991569831745807614120560689152,120/1,1
2**122,2**123,1/5316911983139663491615228241121378304,121/1,1
2**123,2**124,1/10633823966279326983230456482242756608,122/1,1
2**124,2**125,1/21267647932558653966460912964485513216,123/1,1
2**125,2**126,1/42535295865117307932921825928971026432,124/1,1
2**126,2**127,1/85070591730234615865843651857942052864,125/1,1
2**127,2**128,1/170141183460469231731687303715884105728,126/1,1
2**128,2**130,2/1020847100762815390390123822295304634368,382/3,2
2**130,2**132,2/4083388403051261561560495289181218537472,388/3,2
2**132,2**134,2/16333553612205046246241981156724874149888,394/3,2
2**134,2**136,2/65334214448820184984967924626899496599552,400/3,2
2**136,2**138,2/261336857795280739939871698507597986398208,406/3,2
2**138,2**140,2/1045347431181122959759486794030391945592832,412/3,2
2**140,2**142,2/4181389724724491839037947176121567782371328,418/3,2
2**142,2**144,2/16725558898897967356151788704486271129485312,424/3,2
2**144,2**146,2/66902235595591869424607154817945084517941248,430/3,2
2**146,2**148,2/267608942382367477698428619271780338071764992,436/3,2
2**148,2**150,2/1070435769529469910793714477087121352287059968,442/3,2
2**150,2**152,2/4281743078117879643174857908348485409148239872,448/3,2
2**152,2**154,2/17126972312471518572699431633393941636592959488,454/3,2
2**154,2**156,2/68507889249886074290797726533575766546371837952,460/3,2
2**156,2**158,2/274031556999544297163190906134303066185487351808,466/3,2
2**158,2**160,2/1096126227998177188652763624537212264741949407232,472/3,2
2**160,2**162,2/4384504911992708754611054498148849058967797628928,478/3,2
2**162,2**164,2/17538019647970835018444217992595396235871190515712,484/3,2
2**164,2**166,2/70152078591883340073776871970381584943484762062848,490/3,2
2**166,2**168,2/280608314367533360295107487881526339773939048251392,496/3,2
2**168,2**170,2/1122433257470133441180429951526105359095756193005568,502/3,2
2**170,2**172,2/4489733029880533764721719806104421436383024772022272,508/3,2
2**172,2**174,2/17958932119522135058886879224417685745532099088089088,514/3,2
2**174,2**176,2/71835728478088540235547516897670742982128396352356352,520/3,2
2**176,2**178,2/287342913912354160942190067590682971928513585409425408,526/3,2
2**178,2**180,2/1149371655649416643768760270362731887714054341637701632,532/3,2
2**180,2**182,2/4597486622597666575075041081450927550856217366550806528,538/3,2
2**182,2**184,2/18389946490390666300300164325803710203424869466203226112,544/3,2
2**184,2**186,2/73559785961562665201200657303214840813699477864812904448,550/3,2
2**186,2**188,2/294239143846250660804802629212859363254797911459251617792,556/3,2
2**188,2**190,2/1176956575385002643219210516851437453019191645837006471168,562/3,2
2**190,2**192,2/4707826301540010572876842067405749812076766583348025884672,568/3,2
2**192,2**194,2/18831305206160042291507368269622999248307066333392103538688,574/3,2
2**194,2**196,2/75325220824640169166029473078491996993228265333568414154752,580/3,2
2**196,2**198,2/301300883298560676664117892313967987972913061334273656619008,586/3,2
2**198,2**200,2/1205203533194242706656471569255871951891652245337094626476032,592/3,2
2**200,2**202,2/4820814132776970826625886277023487807566608981348378505904128,598/3,2
2**202,2**204,2/19283256531107883306503545108093951230266435925393514023616512,604/3,2
2**204,2**206,2/77133026124431533226014180432375804921065743701574056094466048,610/3,2
2**206,2**208,2/308532104497726132904056721729503219684262974806296224377864192,616/3,2
2**208,2**210,2/1234128417990904531616226886918012878737051899225184897511456768,622/3,2
2**210,2**212,2/4936513671963618126464907547672051514948207596900739590045827072,628/3,2
2**212,2**214,2/19746054687854472505859630190688206059792830387602958360183308288,634/3,2
2**214,2**216,2/78984218751417890023438520762752824239171321550411833440733233152,640/3,2
2**216,2**218,2/315936875005671560093754083051011296956685286201647333762932932608,646/3,2
2**218,2**220,2/1263747500022686240375016332204045187826741144806589335051731730432,652/3,2
2**220,2**222,2/5054990000090744961500065328816180751306964579226357340206926921728,658/3,2
2**222,2**224,2/20219960000362979846000261315264723005227858316905429360827707686912,664/3,2
2**224,2**226,2/80879840001451919384001045261058892020911433267621717443310830747648,670/3,2
2**226,2**228,2/323519360005807677536004181044235568083645733070486869773243322990592,676/3,2
2**228,2**230,2/1294077440023230710144016724176942272334582932281947479092973291962368,682/3,2
2**230,2**232,2/5176309760092922840576066896707769089338331729127789916371893167849472,688/3,2
2**232,2**234,2/20705239040371691362304267586831076357353326916511159665487572671397888,694/3,2
2**234,2**236,2/82820956161486765449217070347324305429413307666044638661950290685591552,700/3,2
2**236,2**238,2/331283824645947061796868281389297221717653230664178554647801162742366208,706/3,2
2**238,2**240,2/1325135298583788247187473125557188886870612922656714218591204650969464832,712/3,2
2**240,2**242,2/5300541194335152988749892502228755547482451690626856874364818603877859328,718/3,2
2**242,2**244,2/21202164777340611954999570008915022189929806762507427497459274415511437312,724/3,2
2**244,2**246,2/84808659109362447819998280035660088759719227050029709989837097662045749248,730/3,2
2**246,2**248,2/339234636437449791279993120142640355038876908200118839959348390648182996992,736/3,2
2**248,2**250,2/1356938545749799165119972480570561420155507632800475359837393562592731987968,742/3,2
2**250,2**252,2/5427754182999196660479889922282245680622030531201901439349574250370927951872,748/3,2
2**252,2**254,2/21711016731996786641919559689128982722488122124807605757398297001483711807488,754/3,2
2**254,2**256,2/86844066927987146567678238756515930889952488499230423029593188005934847229952,760/3,2
2**256,2**259,3/810544624661213367964996895060815354972889892659483948276203088055391907479552,1789/7,3
2**259,2**262,3/6484356997289706943719975160486522839783119141275871586209624704443135259836416,1810/7,3
2**262,2**265,3/51874855978317655549759801283892182718264953130206972689676997635545082078691328,1831/7,3
2**265,2**268,3/414998847826541244398078410271137461746119625041655781517415981084360656629530624,1852/7,3
2**268,2**271,3/3319990782612329955184627282169099693968957000333246252139327848674885253036244992,1873/7,3
2**271,2**274,3/26559926260898639641477018257352797551751656002665970017114622789399082024289959936,1894/7,3
2**274,2**277,3/212479410087189117131816146058822380414013248021327760136916982315192656194319679488,1915/7,3
2**277,2**280,3/1699835280697512937054529168470579043312105984170622081095335858521541249554557435904,1936/7,3
2**280,2**283,3/13598682245580103496436233347764632346496847873364976648762686868172329996436459487232,1957/7,3
2**283,2**286,3/108789457964640827971489866782117058771974782986919813190101494945378639971491675897856,1978/7,3
2**286,2**289,3/870315663717126623771918934256936470175798263895358505520811959563029119771933407182848,1999/7,3
2**289,2**292,3/6962525309737012990175351474055491761406386111162868044166495676504232958175467257462784,2020/7,3
2**292,2**295,3/55700202477896103921402811792443934091251088889302944353331965412033863665403738059702272,2041/7,3
2**295,2**298,3/445601619823168831371222494339551472730008711114423554826655723296270909323229904477618176,2062/7,3
2**298,2**301,3/3564812958585350650969779954716411781840069688915388438613245786370167274585839235820945408,2083/7,3
2**301,2**304,3/28518503668682805207758239637731294254720557511323107508905966290961338196686713886567563264,2104/7,3
2**304,2**307,3/228148029349462441662065917101850354037764460090584860071247730327690705573493711092540506112,2125/7,3
2**307,2**310,3/1825184234795699533296527336814802832302115680724678880569981842621525644587949688740324048896,2146/7,3
2**310,2**313,3/14601473878365596266372218694518422658416925445797431044559854740972205156703597509922592391168,2167/7,3
2**313,2**316,3/116811791026924770130977749556147381267335403566379448356478837927777641253628780079380739129344,2188/7,3
2**316,2**319,3/934494328215398161047821996449179050138683228531035586851830703422221130029030240635045913034752,2209/7,3
2**319,2**322,3/7475954625723185288382575971593432401109465828248284694814645627377769040232241925080367304278016,2230/7,3
2**322,2**325,3/59807637005785482307060607772747459208875726625986277558517165019022152321857935400642938434224128,2251/7,3
2**325,2**328,3/478461096046283858456484862181979673671005813007890220468137320152177218574863483205143507473793024,2272/7,3
2**328,2**331,3/3827688768370270867651878897455837389368046504063121763745098561217417748598907865641148059790344192,2293/7,3
2**331,2**334,3/30621510146962166941215031179646699114944372032504974109960788489739341988791262925129184478322753536,2314/7,3
2**334,2**337,3/244972081175697335529720249437173592919554976260039792879686307917914735910330103401033475826582028288,2335/7,3
2**337,2**340,3/1959776649405578684237761995497388743356439810080318343037490463343317887282640827208267806612656226304,2356/7,3
2**340,2**343,3/15678213195244629473902095963979109946851518480642546744299923706746543098261126617666142452901249810432,2377/7,3
2**343,2**346,3/125425705561957035791216767711832879574812147845140373954399389653972344786089012941329139623209998483456,2398/7,3
2**346,2**349,3/1003405644495656286329734141694663036598497182761122991635195117231778758288712103530633116985679987867648,2419/7,3
2**349,2**352,3/8027245155965250290637873133557304292787977462088983933081560937854230066309696828245064935885439902941184,2440/7,3
2**352,2**355,3/64217961247722002325102985068458434342303819696711871464652487502833840530477574625960519487083519223529472,2461/7,3
2**355,2**358,3/513743689981776018600823880547667474738430557573694971717219900022670724243820597007684155896668153788235776,2482/7,3
2**358,2**361,3/4109949519854208148806591044381339797907444460589559773737759200181365793950564776061473247173345230305886208,2503/7,3
2**361,2**364,3/32879596158833665190452728355050718383259555684716478189902073601450926351604518208491785977386761842447089664,2524/7,3
2**364,2**367,3/263036769270669321523621826840405747066076445477731825519216588811607410812836145667934287819094094739576717312,2545/7,3
2**367,2**370,3/2104294154165354572188974614723245976528611563821854604153732710492859286502689165343474302552752757916613738496,2566/7,3
2**370,2**373,3/16834353233322836577511796917785967812228892510574836833229861683942874292021513322747794420422022063332909907968,2587/7,3
2**373,2**376,3/134674825866582692620094375342287742497831140084598694665838893471542994336172106581982355363376176506663279263744,2608/7,3
2**376,2**379,3/1077398606932661540960755002738301939982649120676789557326711147772343954689376852655858842907009412053306234109952,2629/7,3
2**379,2**382,3/8619188855461292327686040021906415519861192965414316458613689182178751637515014821246870743256075296426449872879616,2650/7,3
2**382,2**385,3/68953510843690338621488320175251324158889543723314531668909513457430013100120118569974965946048602371411598983036928,2671/7,3
2**385,2**388,3/551628086749522708971906561402010593271116349786516253351276107659440104800960948559799727568388818971292791864295424,2692/7,3
2**388,2**391,3/4413024693996181671775252491216084746168930798292130026810208861275520838407687588478397820547110551770342334914363392,2713/7,3
2**391,2**394,3/35304197551969453374202019929728677969351446386337040214481670890204166707261500707827182564376884414162738679314907136,2734/7,3
2**394,2**397,3/282433580415755626993616159437829423754811571090696321715853367121633333658092005662617460515015075313301909434519257088,2755/7,3
2**397,2**400,3/2259468643326045015948929275502635390038492568725570573726826936973066669264736045300939684120120602506415275476154056704,2776/7,3
2**400,2**403,3/18075749146608360127591434204021083120307940549804564589814615495784533354117888362407517472960964820051322203809232453632,2797/7,3
2**403,2**406,3/144605993172866881020731473632168664962463524398436516718516923966276266832943106899260139783687718560410577630473859629056,2818/7,3
2**406,2**409,3/1156847945382935048165851789057349319699708195187492133748135391730210134663544855194081118269501748483284621043790877032448,2839/7,3
2**409,2**412,3/9254783563063480385326814312458794557597665561499937069985083133841681077308358841552648946156013987866276968350327016259584,2860/7,3
2**412,2**415,3/74038268504507843082614514499670356460781324491999496559880665070733448618466870732421191569248111902930215746802616130076672,2881/7,3
2**415,2**418,3/592306148036062744660916115997362851686250595935995972479045320565867588947734965859369532553984895223441725974420929040613376,2902/7,3
2**418,2**421,3/4738449184288501957287328927978902813490004767487967779832362564526940711581879726874956260431879161787533807795367432324907008,2923/7,3
2**421,2**424,3/37907593474308015658298631423831222507920038139903742238658900516215525692655037814999650083455033294300270462362939458599256064,2944/7,3
2**424,2**427,3/303260747794464125266389051390649780063360305119229937909271204129724205541240302519997200667640266354402163698903515668794048512,2965/7,3
2**427,2**430,3/2426085982355713002131112411125198240506882440953839503274169633037793644329922420159977605341122130835217309591228125350352388096,2986/7,3
2**430,2**433,3/19408687858845704017048899289001585924055059527630716026193357064302349154639379361279820842728977046681738476729825002802819104768,3007/7,3
2**433,2**436,3/155269502870765632136391194312012687392440476221045728209546856514418793237115034890238566741831816373453907813838600022422552838144,3028/7,3
2**436,2**439,3/1242156022966125057091129554496101499139523809768365825676374852115350345896920279121908533934654530987631262510708800179380422705152,3049/7,3
2**439,2**442,3/9937248183729000456729036435968811993116190478146926605410998816922802767175362232975268271477236247901050100085670401435043381641216,3070/7,3
2**442,2**445,3/79497985469832003653832291487750495944929523825175412843287990535382422137402897863802146171817889983208400800685363211480347053129728,3091/7,3
2**445,2**448,3/635983883758656029230658331902003967559436190601403302746303924283059377099223182910417169374543119865667206405482905691842776425037824,3112/7,3
2**448,2**451,3/5087871070069248233845266655216031740475489524811226421970431394264475016793785463283337354996344958925337651243863245534742211400302592,3133/7,3
2**451,2**454,3/40702968560553985870762133241728253923803916198489811375763451154115800134350283706266698839970759671402701209950905964277937691202420736,3154/7,3
2**454,2**457,3/325623748484431886966097065933826031390431329587918491006107609232926401074802269650133590719766077371221609679607247714223501529619365888,3175/7,3
2**457,2**460,3/2604989987875455095728776527470608251123450636703347928048860873863411208598418157201068725758128618969772877436857981713788012236954927104,3196/7,3
2**460,2**463,3/20839919903003640765830212219764866008987605093626783424390886990907289668787345257608549806065028951758183019494863853710304097895639416832,3217/7,3
2**463,2**466,3/166719359224029126126641697758118928071900840749014267395127095927258317350298762060868398448520231614065464155958910829682432783165115334656,3238/7,3
2**466,2**469,3/1333754873792233009013133582064951424575206725992114139161016767418066538802390096486947187588161852912523713247671286637459462265320922677248,3259/7,3
2**469,2**472,3/10670038990337864072105068656519611396601653807936913113288134139344532310419120771895577500705294823300189705981370293099675698122567381417984,3280/7,3
2**472,2**475,3/85360311922702912576840549252156891172813230463495304906305073114756258483352966175164620005642358586401517647850962344797405584980539051343872,3301/7,3
2**475,2**478,3/682882495381623300614724394017255129382505843707962439250440584918050067866823729401316960045138868691212141182807698758379244679844312410750976,3322/7,3
2**478,2**481,3/5463059963052986404917795152138041035060046749663699514003524679344400542934589835210535680361110949529697129462461590067033957438754499286007808,3343/7,3
2**481,2**484,3/43704479704423891239342361217104328280480373997309596112028197434755204343476718681684285442888887596237577035699692720536271659510035994288062464,3364/7,3
2**484,2**487,3/349635837635391129914738889736834626243842991978476768896225579478041634747813749453474283543111100769900616285597541764290173276080287954304499712,3385/7,3
2**487,2**490,3/2797086701083129039317911117894677009950743935827814151169804635824333077982509995627794268344888806159204930284780334114321386208642303634435997696,3406/7,3
2**490,2**493,3/22376693608665032314543288943157416079605951486622513209358437086594664623860079965022354146759110449273639442278242672914571089669138429075487981568,3427/7,3
2**493,2**496,3/179013548869320258516346311545259328636847611892980105674867496692757316990880639720178833174072883594189115538225941383316568717353107432603903852544,3448/7,3
2**496,2**499,3/1432108390954562068130770492362074629094780895143840845398939973542058535927045117761430665392583068753512924305807531066532549738824859460831230820352,3469/7,3
2**499,2**500,3/11456867127636496545046163938896597032758247161150726763191519788336468287416360942091445323140664550028103394446460248532260397910598875686649846562816,3490/7,3
